0,1,2,3,4,5,6,7,8,9,10,11
10426.0,-0.101,0.295,0.972,0.885,-0.397,0.092,47.0,-8.0,38.0,1745636139.940519,0.0
10426.0,-0.102,0.298,0.973,0.854,-0.427,0.092,47.0,-8.0,39.0,1745636139.9405196,0.0
10426.0,-0.102,0.293,0.976,0.854,-0.458,0.092,47.0,-9.0,38.0,1745636139.9405198,0.0
10442.0,-0.1,0.291,0.975,0.916,-0.397,0.092,48.0,-8.0,39.0,1745636140.043126,0.0
10442.0,-0.099,0.293,0.968,0.854,-0.488,0.061,48.0,-8.0,38.0,1745636140.0431263,0.0
10458.0,-0.101,0.296,0.969,0.824,-0.488,0.061,48.0,-9.0,38.0,1745636140.141147,0.0
10458.0,-0.098,0.292,0.971,0.824,-0.366,0.061,48.0,-10.0,37.0,1745636140.1411474,0.0
10458.0,-0.1,0.292,0.973,0.854,-0.427,0.092,47.0,-9.0,38.0,1745636140.1411476,0.0
10474.0,-0.1,0.297,0.969,0.824,-0.58,0.122,48.0,-9.0,38.0,1745636140.24312,0.0
10474.0,-0.102,0.295,0.969,0.793,-0.366,0.031,47.0,-9.0,39.0,1745636140.2431204,0.0
10491.0,-0.101,0.291,0.965,0.824,-0.397,0.061,48.0,-8.0,39.0,1745636140.344348,0.0
10491.0,-0.102,0.292,0.972,0.885,-0.58,0.122,48.0,-9.0,38.0,1745636140.3443484,0.0
10491.0,-0.101,0.298,0.973,0.854,-0.519,0.031,48.0,-9.0,38.0,1745636140.344349,0.0
10508.0,-0.102,0.293,0.975,0.854,-0.305,-0.031,47.0,-8.0,38.0,1745636140.447242,0.0
10508.0,-0.098,0.294,0.972,0.885,-0.58,0.122,47.0,-8.0,38.0,1745636140.4472425,0.0
10523.0,-0.101,0.295,0.972,0.885,-0.519,0.092,48.0,-9.0,39.0,1745636140.5492735,0.0
10523.0,-0.1,0.292,0.967,0.854,-0.275,-0.031,48.0,-8.0,38.0,1745636140.549274,0.0
10523.0,-0.101,0.295,0.969,0.885,-0.519,0.061,47.0,-9.0,38.0,1745636140.5492744,0.0
10539.0,-0.1,0.295,0.971,0.885,-0.458,0.061,47.0,-9.0,40.0,1745636140.650131,0.0
10539.0,-0.101,0.292,0.969,0.885,-0.397,0.031,48.0,-8.0,37.0,1745636140.6501315,0.0
10539.0,-0.099,0.293,0.962,0.885,-0.458,0.061,48.0,-8.0,37.0,1745636140.6501317,0.0
10556.0,-0.101,0.295,0.971,0.793,-0.488,0.061,47.0,-10.0,38.0,1745636140.7459693,0.0
10556.0,-0.099,0.292,0.971,0.824,-0.427,0.061,48.0,-10.0,38.0,1745636140.7459695,0.0
10573.0,-0.099,0.293,0.974,0.885,-0.58,0.122,47.0,-8.0,37.0,1745636140.8520968,0.0
10573.0,-0.102,0.299,0.98,0.854,-0.397,0.031,48.0,-9.0,39.0,1745636140.8520973,0.0
10573.0,-0.102,0.294,0.968,0.854,-0.427,0.031,48.0,-8.0,38.0,1745636140.8520975,0.0
10588.0,-0.101,0.29,0.965,0.854,-0.366,0.0,47.0,-9.0,37.0,1745636140.9451451,0.0
10588.0,-0.102,0.293,0.966,0.824,-0.58,0.122,48.0,-8.0,38.0,1745636140.9451456,0.0
10604.0,-0.101,0.291,0.96,0.885,-0.641,0.122,47.0,-9.0,38.0,1745636141.0560231,0.0
10604.0,-0.103,0.293,0.97,0.824,-0.031,-0.092,47.0,-9.0,38.0,1745636141.0560236,0.0
10604.0,-0.098,0.296,0.973,0.854,-0.61,0.092,47.0,-8.0,38.0,1745636141.056024,0.0
10622.0,-0.101,0.291,0.97,0.885,-0.916,0.183,47.0,-10.0,39.0,1745636141.1533237,0.0
10622.0,-0.103,0.293,0.969,0.824,0.244,-0.183,47.0,-10.0,39.0,1745636141.153324,0.0
10638.0,-0.099,0.292,0.964,0.885,-0.549,0.061,47.0,-9.0,38.0,1745636141.259271,0.0
10638.0,-0.101,0.29,0.964,0.854,-0.916,0.244,48.0,-9.0,39.0,1745636141.2592714,0.0
10638.0,-0.101,0.292,0.966,0.793,-0.153,-0.031,47.0,-9.0,38.0,1745636141.2592716,0.0
10654.0,-0.098,0.295,0.97,0.854,-0.305,-0.031,48.0,-9.0,38.0,1745636141.3618734,0.0
10654.0,-0.1,0.296,0.969,0.854,-0.702,0.122,48.0,-8.0,39.0,1745636141.3618743,0.0
10670.0,-0.099,0.292,0.966,0.824,-0.488,0.061,48.0,-7.0,39.0,1745636141.461186,0.0
10670.0,-0.101,0.292,0.967,0.854,-0.244,0.0,47.0,-9.0,38.0,1745636141.4611864,0.0
10670.0,-0.099,0.293,0.965,0.824,-0.549,0.031,48.0,-9.0,38.0,1745636141.4611866,0.0
10687.0,-0.1,0.295,0.967,0.885,-0.641,0.122,47.0,-8.0,39.0,1745636141.5616243,0.0
10687.0,-0.103,0.296,0.976,0.885,-0.122,-0.061,47.0,-8.0,38.0,1745636141.5616248,0.0
10703.0,-0.098,0.292,0.973,0.885,-0.641,0.092,47.0,-8.0,39.0,1745636141.6636584,0.0
10703.0,-0.101,0.292,0.965,0.854,-0.641,0.183,47.0,-10.0,39.0,1745636141.6636589,0.0
10703.0,-0.101,0.293,0.968,0.854,0.0,0.0,47.0,-9.0,39.0,1745636141.663659,0.0
10721.0,-0.099,0.289,0.963,0.854,-0.671,0.122,48.0,-8.0,39.0,1745636141.7753382,0.0
10721.0,-0.101,0.293,0.972,0.885,-0.61,0.092,47.0,-9.0,38.0,1745636141.7753386,0.0
10721.0,-0.101,0.296,0.981,0.854,-0.153,-0.031,47.0,-9.0,37.0,1745636141.775339,0.0
10735.0,-0.098,0.293,0.972,0.916,-0.58,0.122,47.0,-9.0,38.0,1745636141.8612535,0.0
10735.0,-0.101,0.292,0.965,0.824,-0.58,0.092,47.0,-9.0,38.0,1745636141.861254,0.0
10752.0,-0.101,0.291,0.961,0.854,-0.244,0.0,48.0,-10.0,37.0,1745636141.966884,0.0
10752.0,-0.101,0.29,0.963,0.885,-0.549,0.092,47.0,-9.0,38.0,1745636141.9668841,0.0
10752.0,-0.101,0.293,0.971,0.793,-0.458,0.092,48.0,-10.0,39.0,1745636141.9668844,0.0
10768.0,-0.1,0.295,0.976,0.885,-0.366,0.031,47.0,-10.0,39.0,1745636142.0726657,0.0
10768.0,-0.1,0.294,0.974,0.885,-0.397,0.092,48.0,-8.0,39.0,1745636142.0726662,0.0
10768.0,-0.101,0.293,0.967,0.824,-0.458,0.122,47.0,-9.0,39.0,1745636142.0726664,0.0
10786.0,-0.1,0.292,0.967,0.885,-0.702,0.153,47.0,-9.0,38.0,1745636142.172217,0.0
10786.0,-0.101,0.291,0.965,0.854,-0.183,-0.061,48.0,-11.0,38.0,1745636142.1722171,0.0
10800.0,-0.101,0.289,0.969,0.854,-0.458,0.031,48.0,-8.0,37.0,1745636142.274376,0.0
10800.0,-0.102,0.293,0.973,0.885,-0.763,0.153,46.0,-10.0,39.0,1745636142.274377,0.0
10800.0,-0.102,0.297,0.972,0.854,-0.122,-0.031,47.0,-8.0,38.0,1745636142.2743773,0.0
10817.0,-0.1,0.291,0.969,0.885,-0.458,0.092,47.0,-8.0,38.0,1745636142.3759427,0.0
10817.0,-0.102,0.289,0.964,0.885,-0.793,0.183,47.0,-8.0,38.0,1745636142.3759432,0.0
10834.0,-0.103,0.292,0.964,0.824,-0.092,-0.061,47.0,-9.0,38.0,1745636142.4777267,0.0
10834.0,-0.104,0.291,0.966,0.824,-0.488,0.061,47.0,-8.0,39.0,1745636142.4777272,0.0
10834.0,-0.101,0.295,0.969,0.885,-0.732,0.122,47.0,-8.0,38.0,1745636142.4777277,0.0
10851.0,-0.101,0.291,0.967,0.793,-0.183,0.0,48.0,-9.0,39.0,1745636142.5759673,0.0
10851.0,-0.102,0.291,0.967,0.824,-0.458,0.061,47.0,-8.0,39.0,1745636142.5759676,0.0
10865.0,-0.1,0.293,0.969,0.854,-0.549,0.092,47.0,-9.0,38.0,1745636142.6793804,0.0
10865.0,-0.101,0.292,0.961,0.854,-0.397,0.031,47.0,-10.0,39.0,1745636142.6793811,0.0
10865.0,-0.101,0.291,0.966,0.916,-0.549,0.031,48.0,-8.0,39.0,1745636142.6793816,0.0
10883.0,-0.102,0.291,0.967,0.854,-0.244,-0.031,48.0,-8.0,39.0,1745636142.7793112,0.0
10883.0,-0.101,0.292,0.964,0.854,-0.641,0.122,46.0,-9.0,38.0,1745636142.7793117,0.0
10899.0,-0.099,0.292,0.969,0.854,-0.458,0.092,48.0,-8.0,38.0,1745636142.8818903,0.0
10899.0,-0.098,0.29,0.968,0.793,-0.183,-0.031,47.0,-8.0,38.0,1745636142.8818905,0.0
10899.0,-0.1,0.294,0.966,0.854,-0.824,0.183,48.0,-10.0,39.0,1745636142.8818908,0.0
10916.0,-0.105,0.292,0.965,0.885,-0.275,0.031,47.0,-9.0,38.0,1745636142.9810972,0.0
10916.0,-0.101,0.29,0.965,0.885,-0.183,-0.031,49.0,-8.0,39.0,1745636142.9810977,0.0
10930.0,-0.1,0.291,0.962,0.885,-0.946,0.183,47.0,-9.0,38.0,1745636143.0834844,0.0
10930.0,-0.101,0.291,0.969,0.854,-0.275,-0.031,47.0,-8.0,39.0,1745636143.0834851,0.0
10930.0,-0.102,0.294,0.971,0.824,-0.275,0.0,48.0,-10.0,39.0,1745636143.0834858,0.0
10948.0,-0.1,0.292,0.973,0.885,-0.793,0.183,46.0,-9.0,38.0,1745636143.1904008,0.0
10948.0,-0.101,0.29,0.967,0.824,-0.244,-0.031,48.0,-8.0,39.0,1745636143.1904013,0.0
10948.0,-0.101,0.292,0.962,0.854,-0.458,0.061,47.0,-10.0,39.0,1745636143.1904016,0.0
10964.0,-0.1,0.291,0.966,0.854,-0.641,0.092,48.0,-8.0,39.0,1745636143.2868073,0.0
10964.0,-0.102,0.291,0.966,0.793,-0.275,0.0,47.0,-8.0,38.0,1745636143.2868085,0.0
10981.0,-0.1,0.293,0.972,0.854,-0.549,0.122,48.0,-8.0,38.0,1745636143.3909962,0.0
10981.0,-0.1,0.292,0.969,0.854,-0.397,0.061,48.0,-9.0,38.0,1745636143.3909965,0.0
10981.0,-0.101,0.294,0.969,0.824,-0.427,0.031,47.0,-9.0,37.0,1745636143.3909967,0.0
10997.0,-0.101,0.292,0.972,0.824,-0.549,0.092,47.0,-8.0,38.0,1745636143.4971962,0.0
10997.0,-0.1,0.292,0.97,0.854,-0.427,0.0,47.0,-8.0,37.0,1745636143.4971972,0.0
11013.0,-0.101,0.294,0.966,0.885,-0.427,0.061,47.0,-9.0,38.0,1745636143.5903769,0.0
11013.0,-0.1,0.293,0.968,0.854,-0.458,0.061,47.0,-9.0,38.0,1745636143.590377,0.0
11013.0,-0.099,0.29,0.967,0.885,-0.488,0.031,47.0,-9.0,38.0,1745636143.5903776,0.0
11029.0,-0.102,0.292,0.97,0.885,-0.366,0.031,47.0,-9.0,39.0,1745636143.6921587,0.0
11029.0,-0.101,0.295,0.97,0.824,-0.519,0.061,47.0,-9.0,38.0,1745636143.69216,0.0
11047.0,-0.102,0.294,0.97,0.885,-0.488,0.092,47.0,-7.0,38.0,1745636143.7935436,0.0
11047.0,-0.101,0.292,0.968,0.885,-0.244,0.061,48.0,-8.0,38.0,1745636143.793544,0.0
11047.0,-0.102,0.292,0.965,0.885,-0.641,0.092,47.0,-9.0,38.0,1745636143.7935443,0.0
11062.0,-0.102,0.293,0.969,0.824,-0.488,0.092,47.0,-8.0,38.0,1745636143.8983135,0.0
11062.0,-0.101,0.293,0.967,0.824,-0.336,0.031,48.0,-9.0,38.0,1745636143.898314,0.0
11078.0,-0.103,0.292,0.971,0.854,-0.519,0.061,47.0,-8.0,38.0,1745636143.995174,0.0
11078.0,-0.101,0.294,0.97,0.885,-0.519,0.031,48.0,-8.0,39.0,1745636143.9951744,0.0
11078.0,-0.1,0.29,0.965,0.885,-0.458,0.061,47.0,-8.0,39.0,1745636143.995175,0.0
11095.0,-0.101,0.292,0.963,0.854,-0.305,0.0,47.0,-9.0,38.0,1745636144.100698,0.0
11095.0,-0.1,0.292,0.966,0.885,-0.488,0.092,47.0,-8.0,39.0,1745636144.1006985,0.0
11095.0,-0.101,0.29,0.968,0.885,-0.519,0.061,47.0,-8.0,38.0,1745636144.1006987,0.0
11112.0,-0.099,0.298,0.975,0.854,-0.427,0.061,47.0,-10.0,39.0,1745636144.1959777,0.0
11112.0,-0.1,0.294,0.975,0.824,-0.336,0.061,48.0,-8.0,39.0,1745636144.195978,0.0
11128.0,-0.102,0.291,0.969,0.854,-0.58,0.092,48.0,-9.0,38.0,1745636144.3093836,0.0
11128.0,-0.103,0.291,0.961,0.854,-0.427,0.061,47.0,-10.0,39.0,1745636144.309384,0.0
11128.0,-0.1,0.293,0.958,0.824,-0.183,0.0,48.0,-9.0,39.0,1745636144.3093843,0.0
11143.0,-0.101,0.291,0.965,0.824,-0.641,0.122,47.0,-9.0,38.0,1745636144.3955872,0.0
11143.0,-0.1,0.294,0.976,0.885,-0.458,0.061,47.0,-9.0,38.0,1745636144.3955874,0.0
11162.0,-0.102,0.297,0.98,0.854,-0.275,0.0,48.0,-9.0,39.0,1745636144.5027473,0.0
11162.0,-0.1,0.295,0.976,0.854,-0.397,0.0,47.0,-10.0,39.0,1745636144.5027478,0.0
11162.0,-0.101,0.292,0.963,0.885,-0.763,0.122,49.0,-8.0,38.0,1745636144.502748,0.0
11179.0,-0.101,0.29,0.961,0.885,-0.336,0.0,48.0,-10.0,39.0,1745636144.6083455,0.0
11179.0,-0.103,0.291,0.962,0.854,-0.153,-0.031,47.0,-8.0,38.0,1745636144.6083457,0.0
11179.0,-0.1,0.294,0.969,0.885,-0.916,0.244,47.0,-10.0,37.0,1745636144.608346,0.0
11195.0,-0.1,0.297,0.979,0.854,-0.366,0.031,48.0,-7.0,38.0,1745636144.7063594,0.0
11195.0,-0.101,0.29,0.97,0.793,-0.092,-0.092,48.0,-10.0,37.0,1745636144.70636,0.0
11214.0,-0.099,0.294,0.97,0.916,-0.946,0.214,48.0,-9.0,38.0,1745636144.847601,0.0
11214.0,-0.101,0.292,0.968,0.824,-0.183,0.031,48.0,-10.0,39.0,1745636144.8476014,0.0
11214.0,-0.101,0.291,0.964,0.854,-0.305,0.031,47.0,-11.0,38.0,1745636144.8476017,0.0
11214.0,-0.101,0.293,0.976,0.885,-0.763,0.183,48.0,-9.0,38.0,1745636144.847602,0.0
11228.0,-0.101,0.292,0.974,0.824,-0.244,0.061,47.0,-8.0,37.0,1745636144.9443347,0.0
11228.0,-0.1,0.295,0.969,0.885,-0.275,0.061,47.0,-8.0,38.0,1745636144.9443352,0.0
11245.0,-0.101,0.292,0.968,0.885,-0.641,0.153,47.0,-10.0,39.0,1745636145.0467353,0.0
11245.0,-0.101,0.291,0.973,0.854,-0.366,0.0,47.0,-9.0,40.0,1745636145.0467355,0.0
11245.0,-0.101,0.293,0.967,0.854,-0.397,0.031,48.0,-8.0,38.0,1745636145.046736,0.0
11262.0,-0.099,0.293,0.973,0.916,-0.732,0.122,47.0,-9.0,37.0,1745636145.1491096,0.0
11262.0,-0.101,0.294,0.979,0.824,-0.183,0.0,47.0,-9.0,38.0,1745636145.14911,0.0
11279.0,-0.099,0.292,0.97,0.885,-0.488,0.061,48.0,-10.0,39.0,1745636145.2485023,0.0
11279.0,-0.1,0.292,0.97,0.916,-0.763,0.122,48.0,-9.0,38.0,1745636145.2485025,0.0
11279.0,-0.102,0.295,0.973,0.793,0.031,-0.122,48.0,-10.0,40.0,1745636145.248503,0.0
11293.0,-0.098,0.289,0.964,0.885,-0.549,0.122,47.0,-9.0,38.0,1745636145.3457127,0.0
11293.0,-0.099,0.293,0.973,0.916,-0.824,0.153,48.0,-8.0,39.0,1745636145.345713,0.0
11311.0,-0.1,0.297,0.975,0.763,-0.122,-0.061,47.0,-9.0,40.0,1745636145.4515548,0.0
11311.0,-0.102,0.291,0.969,0.885,-0.458,0.031,48.0,-8.0,38.0,1745636145.4515555,0.0
11311.0,-0.1,0.289,0.965,0.854,-0.488,0.061,47.0,-8.0,37.0,1745636145.451556,0.0
11327.0,-0.103,0.292,0.967,0.885,-0.61,0.092,47.0,-8.0,38.0,1745636145.553197,0.0
11327.0,-0.102,0.296,0.973,0.854,-0.092,-0.092,48.0,-9.0,38.0,1745636145.5531971,0.0
11327.0,-0.1,0.292,0.972,0.854,-0.397,0.031,48.0,-9.0,38.0,1745636145.5531976,0.0
11344.0,-0.098,0.296,0.981,0.854,-1.312,0.305,48.0,-8.0,39.0,1745636145.651926,0.0
11344.0,-0.1,0.293,0.975,0.916,-0.122,-0.031,47.0,-10.0,38.0,1745636145.6519265,0.0
11359.0,-0.1,0.293,0.97,0.793,0.214,-0.183,48.0,-8.0,38.0,1745636145.762238,0.0
11359.0,-0.1,0.298,0.978,0.824,-1.068,0.275,48.0,-9.0,38.0,1745636145.7622385,0.0
11359.0,-0.101,0.29,0.973,0.885,-0.58,0.122,48.0,-7.0,38.0,1745636145.7622387,0.0
11376.0,-0.102,0.291,0.968,0.854,0.122,-0.153,47.0,-9.0,38.0,1745636145.8557286,0.0
11376.0,-0.103,0.296,0.969,0.885,-0.885,0.153,48.0,-8.0,38.0,1745636145.855729,0.0
11392.0,-0.098,0.291,0.963,0.854,-0.702,0.092,48.0,-9.0,38.0,1745636145.9590876,0.0
11392.0,-0.103,0.292,0.967,0.854,-0.031,-0.092,48.0,-9.0,38.0,1745636145.959088,0.0
11392.0,-0.102,0.293,0.973,0.854,-0.519,0.092,48.0,-10.0,38.0,1745636145.9590883,0.0
11409.0,-0.1,0.293,0.974,0.854,-0.549,0.122,47.0,-9.0,38.0,1745636146.0600202,0.0
11409.0,-0.102,0.293,0.975,0.824,-0.305,0.061,48.0,-10.0,38.0,1745636146.0600207,0.0
11425.0,-0.101,0.294,0.972,0.854,-0.549,0.122,48.0,-8.0,38.0,1745636146.167659,0.0
11425.0,-0.101,0.292,0.969,0.854,-0.336,0.0,47.0,-8.0,38.0,1745636146.1676595,0.0
11425.0,-0.099,0.292,0.966,0.885,-0.549,0.061,47.0,-8.0,39.0,1745636146.1676598,0.0
11441.0,-0.101,0.295,0.97,0.885,-0.549,0.061,47.0,-9.0,38.0,1745636146.261576,0.0
11441.0,-0.101,0.292,0.973,0.793,-0.092,-0.092,47.0,-9.0,38.0,1745636146.2615767,0.0
11457.0,-0.099,0.294,0.972,0.885,-0.702,0.122,47.0,-9.0,39.0,1745636146.3657184,0.0
11457.0,-0.1,0.294,0.971,0.885,-0.58,0.122,47.0,-10.0,38.0,1745636146.3657188,0.0
11457.0,-0.1,0.292,0.964,0.824,-0.092,-0.061,47.0,-8.0,38.0,1745636146.365719,0.0
11475.0,-0.102,0.292,0.97,0.885,-0.854,0.183,47.0,-8.0,38.0,1745636146.4678135,0.0
11475.0,-0.103,0.293,0.975,0.946,-0.305,0.0,47.0,-8.0,37.0,1745636146.4678137,0.0
11491.0,-0.101,0.297,0.972,0.854,-0.061,-0.061,48.0,-8.0,38.0,1745636146.5758312,0.0
11491.0,-0.099,0.296,0.978,0.885,-1.007,0.214,48.0,-9.0,39.0,1745636146.5758314,0.0
11491.0,-0.1,0.293,0.972,0.854,-0.458,0.061,48.0,-8.0,38.0,1745636146.575832,0.0
11506.0,-0.102,0.29,0.963,0.854,0.0,-0.092,48.0,-8.0,38.0,1745636146.6677945,0.0
11506.0,-0.101,0.292,0.964,0.885,-0.763,0.183,48.0,-9.0,38.0,1745636146.6677947,0.0
11506.0,-0.101,0.293,0.972,0.885,-0.671,0.122,46.0,-9.0,39.0,1745636146.6677952,0.0
11523.0,-0.102,0.294,0.974,0.885,-0.061,-0.092,47.0,-8.0,38.0,1745636146.7690923,0.0
11523.0,-0.101,0.294,0.979,0.916,-0.458,0.061,49.0,-9.0,38.0,1745636146.7690928,0.0
11540.0,-0.099,0.297,0.976,0.854,-0.824,0.183,47.0,-9.0,38.0,1745636146.8743403,0.0
11540.0,-0.102,0.295,0.97,0.854,-0.244,0.031,48.0,-9.0,38.0,1745636146.8743408,0.0
11540.0,-0.101,0.292,0.967,0.793,-0.122,-0.031,47.0,-9.0,38.0,1745636146.8743412,0.0
11556.0,-0.1,0.292,0.967,0.885,-1.007,0.244,47.0,-9.0,40.0,1745636146.9802315,0.0
11556.0,-0.101,0.292,0.969,0.824,-0.244,0.0,47.0,-10.0,38.0,1745636146.980232,0.0
11556.0,-0.099,0.294,0.975,0.854,0.0,-0.092,48.0,-8.0,38.0,1745636146.9802325,0.0
11571.0,-0.098,0.293,0.973,0.916,-1.068,0.275,47.0,-8.0,39.0,1745636147.0742223,0.0
11571.0,-0.102,0.294,0.976,0.854,-0.458,0.031,48.0,-9.0,38.0,1745636147.0742228,0.0
11588.0,-0.103,0.292,0.973,0.824,0.153,-0.122,47.0,-9.0,39.0,1745636147.1813405,0.0
11588.0,-0.1,0.293,0.966,0.885,-0.916,0.214,48.0,-9.0,38.0,1745636147.1813407,0.0
11588.0,-0.101,0.289,0.968,0.854,-0.488,0.061,49.0,-10.0,38.0,1745636147.1813412,0.0
11605.0,-0.101,0.291,0.968,0.824,-0.122,-0.031,47.0,-9.0,39.0,1745636147.2820563,0.0
11605.0,-0.101,0.295,0.971,0.854,-0.732,0.122,48.0,-8.0,39.0,1745636147.2820568,0.0
11621.0,-0.103,0.294,0.973,0.854,-0.488,0.061,47.0,-8.0,38.0,1745636147.3841956,0.0
11621.0,-0.102,0.291,0.969,0.885,-0.275,0.0,48.0,-9.0,38.0,1745636147.384196,0.0
11621.0,-0.1,0.294,0.969,0.854,-0.549,0.061,47.0,-9.0,38.0,1745636147.3841963,0.0
11637.0,-0.1,0.292,0.969,0.916,-0.671,0.122,48.0,-8.0,37.0,1745636147.4820716,0.0
11637.0,-0.103,0.291,0.966,0.885,-0.305,0.031,48.0,-9.0,38.0,1745636147.482072,0.0
11653.0,-0.1,0.292,0.97,0.793,-0.214,0.0,49.0,-9.0,38.0,1745636147.5879118,0.0
11653.0,-0.101,0.292,0.97,0.885,-0.885,0.153,47.0,-8.0,38.0,1745636147.587912,0.0
11653.0,-0.101,0.294,0.968,0.885,-0.427,0.031,47.0,-9.0,38.0,1745636147.5879123,0.0
11670.0,-0.102,0.293,0.971,0.824,0.031,-0.092,48.0,-8.0,38.0,1745636147.6842325,0.0
11670.0,-0.102,0.291,0.969,0.916,-0.793,0.122,47.0,-9.0,39.0,1745636147.6842327,0.0
11687.0,-0.103,0.292,0.965,0.885,-0.763,0.153,47.0,-10.0,38.0,1745636147.7885582,0.0
11687.0,-0.102,0.294,0.969,0.793,0.061,-0.092,47.0,-9.0,38.0,1745636147.7885585,0.0
11687.0,-0.1,0.294,0.972,0.854,-0.58,0.122,47.0,-8.0,37.0,1745636147.788559,0.0
11703.0,-0.099,0.289,0.971,0.916,-0.824,0.153,47.0,-9.0,38.0,1745636147.8898706,0.0
11703.0,-0.102,0.292,0.972,0.854,0.031,-0.092,47.0,-10.0,38.0,1745636147.889871,0.0
11718.0,-0.1,0.294,0.966,0.854,-0.366,0.061,48.0,-10.0,39.0,1745636147.9932282,0.0
11718.0,-0.1,0.292,0.964,0.854,-0.977,0.214,47.0,-9.0,38.0,1745636147.9932284,0.0
11718.0,-0.101,0.289,0.97,0.854,-0.153,-0.031,47.0,-9.0,38.0,1745636147.993229,0.0
11735.0,-0.102,0.292,0.967,0.885,-0.092,-0.061,48.0,-9.0,37.0,1745636148.0916564,0.0
11735.0,-0.1,0.295,0.966,0.946,-1.099,0.244,48.0,-9.0,38.0,1745636148.0916567,0.0
11735.0,-0.103,0.293,0.976,0.885,-0.305,0.0,47.0,-10.0,37.0,1745636148.0916572,0.0
11752.0,-0.102,0.293,0.969,0.885,-0.031,-0.061,47.0,-9.0,38.0,1745636148.194219,0.0
11752.0,-0.099,0.294,0.972,0.916,-0.946,0.214,47.0,-9.0,38.0,1745636148.1942194,0.0
11768.0,-0.101,0.296,0.969,0.854,-0.488,0.061,48.0,-9.0,38.0,1745636148.2990537,0.0
11768.0,-0.102,0.292,0.966,0.854,-0.092,-0.092,48.0,-9.0,38.0,1745636148.299054,0.0
11768.0,-0.1,0.29,0.966,0.854,-0.58,0.061,47.0,-9.0,38.0,1745636148.2990544,0.0
11783.0,-0.099,0.292,0.967,0.824,-0.641,0.122,48.0,-9.0,39.0,1745636148.3954768,0.0
11783.0,-0.101,0.293,0.968,0.854,-0.214,0.0,47.0,-9.0,38.0,1745636148.3954775,0.0
11801.0,-0.102,0.294,0.973,0.885,-0.519,0.061,48.0,-9.0,38.0,1745636148.498868,0.0
11801.0,-0.102,0.292,0.976,0.885,-0.641,0.122,47.0,-10.0,39.0,1745636148.4988685,0.0
11801.0,-0.101,0.294,0.966,0.854,-0.366,0.0,48.0,-9.0,39.0,1745636148.4988687,0.0
11817.0,-0.101,0.293,0.963,0.854,-0.427,0.031,48.0,-9.0,38.0,1745636148.6019127,0.0
11817.0,-0.102,0.29,0.966,0.885,-0.58,0.092,47.0,-8.0,38.0,1745636148.6019137,0.0
11834.0,-0.102,0.291,0.967,0.916,-0.427,0.092,48.0,-8.0,38.0,1745636148.7087631,0.0
11834.0,-0.101,0.293,0.974,0.854,-0.305,0.061,46.0,-9.0,38.0,1745636148.7087636,0.0
11834.0,-0.102,0.297,0.973,0.885,-0.702,0.122,47.0,-8.0,40.0,1745636148.708764,0.0
11849.0,-0.099,0.293,0.971,0.854,-0.397,0.031,48.0,-10.0,40.0,1745636148.798417,0.0
11849.0,-0.101,0.289,0.967,0.885,-0.214,-0.031,47.0,-8.0,38.0,1745636148.7984173,0.0
11866.0,-0.103,0.292,0.962,0.885,-0.671,0.122,47.0,-9.0,38.0,1745636148.9010243,0.0
11866.0,-0.099,0.292,0.963,0.854,-0.458,0.122,47.0,-9.0,37.0,1745636148.9010248,0.0
11866.0,-0.101,0.292,0.969,0.824,-0.366,0.061,48.0,-9.0,38.0,1745636148.901025,0.0
11882.0,-0.099,0.294,0.976,0.885,-0.671,0.092,47.0,-9.0,37.0,1745636149.0058768,0.0
11882.0,-0.102,0.293,0.973,0.885,-0.336,-0.061,48.0,-9.0,37.0,1745636149.0058773,0.0
11882.0,-0.103,0.291,0.965,0.793,-0.427,0.031,48.0,-10.0,38.0,1745636149.0058775,0.0
11900.0,-0.1,0.292,0.964,0.793,-0.641,0.153,47.0,-9.0,38.0,1745636149.104826,0.0
11900.0,-0.102,0.29,0.963,0.854,-0.397,0.061,48.0,-10.0,40.0,1745636149.1048265,0.0
11914.0,-0.101,0.296,0.969,0.824,-0.336,0.0,48.0,-9.0,39.0,1745636149.2068987,0.0
11914.0,-0.101,0.297,0.974,0.824,-0.519,0.061,48.0,-9.0,38.0,1745636149.2068996,0.0
11914.0,-0.101,0.293,0.971,0.885,-0.488,0.092,48.0,-8.0,38.0,1745636149.2069004,0.0
11931.0,-0.102,0.289,0.962,0.916,-0.305,0.031,47.0,-8.0,38.0,1745636149.311496,0.0
11931.0,-0.099,0.291,0.964,0.824,-0.458,0.031,47.0,-10.0,38.0,1745636149.3114965,0.0
11931.0,-0.1,0.292,0.964,0.885,-0.58,0.061,47.0,-10.0,39.0,1745636149.3114967,0.0
11947.0,-0.1,0.292,0.969,0.916,-0.305,0.031,47.0,-8.0,38.0,1745636149.4087029,0.0
11947.0,-0.099,0.294,0.974,0.885,-0.519,0.122,48.0,-9.0,38.0,1745636149.4087036,0.0
11967.0,-0.102,0.294,0.967,0.854,-0.549,0.061,47.0,-9.0,38.0,1745636149.5118804,0.0
11967.0,-0.101,0.292,0.964,0.854,-0.305,0.0,47.0,-8.0,37.0,1745636149.5118809,0.0
11967.0,-0.1,0.289,0.962,0.854,-0.488,0.092,47.0,-9.0,38.0,1745636149.511881,0.0
11981.0,-0.101,0.29,0.968,0.824,-0.549,0.061,47.0,-10.0,37.0,1745636149.6088343,0.0
11981.0,-0.102,0.293,0.969,0.854,-0.519,0.061,48.0,-8.0,39.0,1745636149.6088345,0.0
11998.0,-0.098,0.293,0.972,0.824,-0.305,0.0,48.0,-8.0,38.0,1745636149.713192,0.0
11998.0,-0.101,0.292,0.968,0.824,-0.366,0.031,47.0,-9.0,38.0,1745636149.7131925,0.0
11998.0,-0.1,0.291,0.963,0.885,-0.732,0.183,48.0,-9.0,37.0,1745636149.7131927,0.0
12015.0,-0.101,0.29,0.964,0.885,-0.336,0.031,48.0,-9.0,37.0,1745636149.8159769,0.0
12015.0,-0.102,0.296,0.968,0.885,-0.244,0.031,48.0,-10.0,38.0,1745636149.815977,0.0
12033.0,-0.099,0.291,0.969,0.885,-0.671,0.122,47.0,-8.0,37.0,1745636149.9580712,0.0
12033.0,-0.103,0.29,0.975,0.885,-0.458,0.061,47.0,-9.0,38.0,1745636149.9580717,0.0
12033.0,-0.102,0.294,0.968,0.824,-0.366,0.031,47.0,-9.0,38.0,1745636149.9580717,0.0
12033.0,-0.102,0.293,0.963,0.824,-0.549,0.092,47.0,-8.0,38.0,1745636149.9580722,0.0
12049.0,-0.101,0.292,0.965,0.885,-0.427,0.0,47.0,-9.0,38.0,1745636150.0561388,0.0
12049.0,-0.102,0.294,0.966,0.916,-0.366,0.031,48.0,-9.0,37.0,1745636150.0561392,0.0
12066.0,-0.101,0.293,0.965,0.854,-0.549,0.061,47.0,-9.0,37.0,1745636150.16286,0.0
12066.0,-0.101,0.295,0.972,0.854,-0.488,0.061,47.0,-8.0,38.0,1745636150.1628604,0.0
12066.0,-0.101,0.293,0.971,0.885,-0.336,0.061,47.0,-9.0,39.0,1745636150.1628609,0.0
12081.0,-0.1,0.292,0.969,0.885,-0.488,0.061,47.0,-8.0,38.0,1745636150.2560642,0.0
12081.0,-0.1,0.294,0.971,0.885,-0.61,0.092,48.0,-9.0,38.0,1745636150.2560651,0.0
12098.0,-0.101,0.294,0.969,0.824,-0.488,0.031,48.0,-8.0,38.0,1745636150.361886,0.0
12098.0,-0.101,0.29,0.965,0.854,-0.153,0.0,47.0,-10.0,38.0,1745636150.3618865,0.0
12098.0,-0.099,0.291,0.967,0.885,-0.519,0.061,48.0,-8.0,39.0,1745636150.3618867,0.0
12115.0,-0.101,0.294,0.968,0.854,-0.793,0.183,48.0,-8.0,39.0,1745636150.4633856,0.0
12115.0,-0.101,0.295,0.97,0.824,-0.275,0.031,47.0,-8.0,39.0,1745636150.463386,0.0
12115.0,-0.099,0.294,0.98,0.824,-0.153,-0.092,48.0,-10.0,37.0,1745636150.4633863,0.0
12132.0,-0.099,0.294,0.975,0.885,-0.763,0.122,47.0,-10.0,38.0,1745636150.5716245,0.0
12132.0,-0.102,0.295,0.968,0.854,-0.549,0.092,47.0,-9.0,38.0,1745636150.5716248,0.0
12146.0,-0.101,0.298,0.979,0.824,-0.092,0.0,47.0,-9.0,38.0,1745636150.665341,0.0
12146.0,-0.098,0.299,0.985,0.885,-0.58,0.153,47.0,-9.0,39.0,1745636150.6653411,0.0
12146.0,-0.102,0.294,0.973,0.885,-0.427,0.031,48.0,-8.0,39.0,1745636150.6653416,0.0
12164.0,-0.101,0.291,0.964,0.824,-0.305,0.031,48.0,-8.0,38.0,1745636150.765596,0.0
12164.0,-0.101,0.29,0.958,0.916,-0.885,0.214,47.0,-8.0,39.0,1745636150.7655962,0.0
12180.0,-0.102,0.284,0.945,0.885,-0.183,-0.031,47.0,-9.0,38.0,1745636150.8713777,0.0
12180.0,-0.102,0.29,0.948,0.885,-0.031,-0.092,48.0,-9.0,38.0,1745636150.871378,0.0
12180.0,-0.101,0.291,0.967,0.885,-0.732,0.153,48.0,-8.0,39.0,1745636150.8713784,0.0
12197.0,-0.1,0.293,0.972,0.885,-0.916,0.153,47.0,-10.0,37.0,1745636150.9732342,0.0
12197.0,-0.102,0.295,0.985,0.885,-0.092,-0.061,48.0,-9.0,38.0,1745636150.9732347,0.0
12211.0,-0.101,0.299,0.986,0.824,0.061,-0.122,47.0,-9.0,38.0,1745636151.0709672,0.0
12211.0,-0.098,0.293,0.977,0.916,-1.251,0.305,48.0,-9.0,39.0,1745636151.070968,0.0
12211.0,-0.101,0.295,0.966,0.854,-0.458,0.061,47.0,-10.0,39.0,1745636151.0709684,0.0
12229.0,-0.105,0.29,0.963,0.824,0.305,-0.214,47.0,-8.0,37.0,1745636151.1714709,0.0
12229.0,-0.1,0.286,0.958,0.854,-0.824,0.153,46.0,-9.0,38.0,1745636151.171471,0.0
12245.0,-0.101,0.29,0.968,0.916,-0.793,0.183,47.0,-8.0,38.0,1745636151.2743688,0.0
12245.0,-0.1,0.296,0.974,0.824,-0.061,-0.031,48.0,-8.0,39.0,1745636151.274369,0.0
12245.0,-0.1,0.293,0.975,0.793,-0.427,0.092,48.0,-9.0,38.0,1745636151.2743695,0.0
12262.0,-0.103,0.294,0.981,0.885,-0.732,0.153,47.0,-9.0,38.0,1745636151.377608,0.0
12262.0,-0.102,0.295,0.973,0.824,-0.061,-0.031,48.0,-10.0,37.0,1745636151.3776083,0.0
12262.0,-0.101,0.291,0.964,0.824,-0.427,0.092,47.0,-8.0,38.0,1745636151.3776088,0.0
12277.0,-0.1,0.292,0.96,0.854,-0.946,0.214,47.0,-9.0,38.0,1745636151.4718912,0.0
12277.0,-0.102,0.293,0.966,0.854,-0.336,0.0,47.0,-10.0,38.0,1745636151.4718916,0.0
12294.0,-0.103,0.295,0.972,0.824,-0.031,-0.061,47.0,-8.0,38.0,1745636151.5771115,0.0
12294.0,-0.1,0.296,0.973,0.885,-0.885,0.153,48.0,-9.0,39.0,1745636151.577112,0.0
12294.0,-0.102,0.296,0.976,0.854,-0.61,0.031,48.0,-8.0,38.0,1745636151.5771124,0.0
12310.0,-0.101,0.293,0.968,0.793,0.061,-0.092,47.0,-8.0,38.0,1745636151.6782944,0.0
12310.0,-0.101,0.291,0.962,0.885,-0.58,0.122,47.0,-9.0,39.0,1745636151.6782951,0.0
12328.0,-0.101,0.294,0.965,0.916,-0.793,0.183,48.0,-9.0,38.0,1745636151.7792776,0.0
12328.0,-0.099,0.291,0.972,0.824,-0.305,0.031,47.0,-8.0,38.0,1745636151.779278,0.0
12328.0,-0.101,0.295,0.979,0.885,-0.336,0.0,47.0,-9.0,37.0,1745636151.7792785,0.0
12342.0,-0.102,0.299,0.981,0.824,-0.488,0.031,48.0,-9.0,37.0,1745636151.878618,0.0
12342.0,-0.101,0.296,0.972,0.885,-0.61,0.061,46.0,-9.0,38.0,1745636151.8786185,0.0
12359.0,-0.102,0.289,0.964,0.885,-0.458,0.061,47.0,-8.0,39.0,1745636151.9856915,0.0
12359.0,-0.101,0.291,0.967,0.824,-0.336,0.061,46.0,-9.0,39.0,1745636151.985692,0.0
12359.0,-0.102,0.295,0.965,0.885,-0.549,0.122,48.0,-9.0,39.0,1745636151.9856923,0.0
12375.0,-0.101,0.294,0.978,0.885,-0.305,0.0,47.0,-9.0,38.0,1745636152.0873055,0.0
12375.0,-0.099,0.296,0.983,0.854,-0.549,0.092,47.0,-8.0,38.0,1745636152.087306,0.0
12375.0,-0.1,0.294,0.974,0.885,-0.61,0.092,48.0,-8.0,39.0,1745636152.0873065,0.0
12393.0,-0.102,0.292,0.969,0.793,-0.092,-0.061,47.0,-10.0,38.0,1745636152.1825967,0.0
12393.0,-0.101,0.291,0.97,0.824,-0.58,0.122,48.0,-9.0,38.0,1745636152.1825972,0.0
12407.0,-0.099,0.29,0.966,0.885,-0.793,0.153,47.0,-9.0,38.0,1745636152.2898953,0.0
12407.0,-0.102,0.292,0.976,0.824,-0.153,0.0,48.0,-8.0,38.0,1745636152.2898965,0.0
12407.0,-0.1,0.297,0.977,0.854,-0.397,0.061,48.0,-8.0,38.0,1745636152.2898967,0.0
12424.0,-0.101,0.293,0.973,0.885,-0.763,0.153,47.0,-10.0,38.0,1745636152.390237,0.0
12424.0,-0.102,0.292,0.973,0.885,-0.305,-0.061,47.0,-9.0,38.0,1745636152.3902376,0.0
12441.0,-0.101,0.292,0.967,0.885,-0.458,0.031,48.0,-9.0,39.0,1745636152.4888053,0.0
12441.0,-0.1,0.29,0.966,0.854,-0.61,0.153,47.0,-9.0,38.0,1745636152.4888055,0.0
12441.0,-0.103,0.294,0.969,0.793,-0.183,0.0,47.0,-8.0,37.0,1745636152.488806,0.0
12458.0,-0.102,0.293,0.975,0.854,-0.549,0.122,47.0,-10.0,38.0,1745636152.5887947,0.0
12458.0,-0.1,0.292,0.976,0.885,-0.732,0.122,48.0,-9.0,39.0,1745636152.5887952,0.0
12473.0,-0.101,0.294,0.971,0.824,-0.214,-0.031,48.0,-8.0,38.0,1745636152.6961057,0.0
12473.0,-0.103,0.293,0.968,0.854,-0.275,0.031,48.0,-9.0,38.0,1745636152.696106,0.0
12473.0,-0.1,0.29,0.968,0.885,-0.702,0.153,48.0,-8.0,37.0,1745636152.6961064,0.0
12490.0,-0.101,0.291,0.971,0.885,-0.488,0.061,47.0,-8.0,39.0,1745636152.7907705,0.0
12490.0,-0.1,0.295,0.971,0.824,-0.244,-0.031,47.0,-9.0,38.0,1745636152.790771,0.0
12506.0,-0.099,0.295,0.972,0.824,-0.61,0.092,47.0,-9.0,39.0,1745636152.895229,0.0
12506.0,-0.103,0.291,0.972,0.885,-0.458,0.061,48.0,-9.0,38.0,1745636152.8952296,0.0
12506.0,-0.103,0.295,0.971,0.916,-0.275,0.0,47.0,-10.0,38.0,1745636152.89523,0.0
12523.0,-0.1,0.291,0.969,0.946,-0.671,0.122,48.0,-9.0,38.0,1745636152.993886,0.0
12523.0,-0.101,0.291,0.966,0.885,-0.519,0.061,47.0,-9.0,38.0,1745636152.9938865,0.0
12523.0,-0.102,0.292,0.971,0.854,-0.122,0.0,47.0,-9.0,38.0,1745636152.9938867,0.0
12540.0,-0.102,0.294,0.97,0.854,-0.549,0.092,48.0,-9.0,37.0,1745636153.1085525,0.0
12540.0,-0.1,0.291,0.97,0.916,-0.732,0.122,48.0,-8.0,38.0,1745636153.1085527,0.0
12555.0,-0.102,0.295,0.975,0.854,-0.183,-0.031,47.0,-8.0,38.0,1745636153.195588,0.0
12555.0,-0.101,0.294,0.977,0.824,-0.305,0.0,47.0,-8.0,39.0,1745636153.1955884,0.0
12555.0,-0.102,0.293,0.979,0.885,-0.793,0.153,47.0,-10.0,38.0,1745636153.1955888,0.0
12571.0,-0.102,0.294,0.971,0.885,-0.336,0.031,47.0,-9.0,38.0,1745636153.2989504,0.0
12571.0,-0.101,0.294,0.963,0.885,-0.366,0.061,47.0,-9.0,38.0,1745636153.298951,0.0
12588.0,-0.101,0.29,0.964,0.885,-0.671,0.183,48.0,-9.0,38.0,1745636153.4007835,0.0
12588.0,-0.1,0.293,0.971,0.854,-0.336,0.0,48.0,-8.0,38.0,1745636153.400784,0.0
12588.0,-0.1,0.297,0.974,0.854,-0.305,0.0,47.0,-8.0,38.0,1745636153.4007843,0.0
12605.0,-0.1,0.297,0.974,0.885,-0.702,0.122,47.0,-8.0,37.0,1745636153.5081708,0.0
12605.0,-0.1,0.293,0.973,0.854,-0.336,0.0,47.0,-9.0,38.0,1745636153.508171,0.0
12620.0,-0.101,0.291,0.968,0.824,-0.397,0.061,47.0,-9.0,38.0,1745636153.6007378,0.0
12620.0,-0.099,0.292,0.964,0.916,-0.549,0.092,47.0,-9.0,38.0,1745636153.6007383,0.0
12620.0,-0.102,0.294,0.97,0.916,-0.427,0.031,47.0,-8.0,38.0,1745636153.6007385,0.0
12636.0,-0.102,0.294,0.973,0.885,-0.427,0.061,47.0,-9.0,38.0,1745636153.7045307,0.0
12636.0,-0.1,0.293,0.977,0.854,-0.519,0.061,47.0,-8.0,39.0,1745636153.7045312,0.0
12654.0,-0.1,0.296,0.972,0.854,-0.275,0.0,48.0,-9.0,38.0,1745636153.8057342,0.0
12654.0,-0.101,0.293,0.967,0.854,-0.549,0.122,47.0,-8.0,39.0,1745636153.8057346,0.0
12654.0,-0.101,0.292,0.962,0.885,-0.641,0.122,48.0,-9.0,38.0,1745636153.8057349,0.0
12670.0,-0.103,0.292,0.968,0.854,-0.092,-0.061,48.0,-9.0,38.0,1745636153.908356,0.0
12670.0,-0.102,0.295,0.973,0.885,-0.366,0.0,48.0,-9.0,37.0,1745636153.9083564,0.0
12670.0,-0.099,0.297,0.973,0.854,-0.793,0.153,48.0,-8.0,38.0,1745636153.908357,0.0
12685.0,-0.102,0.292,0.974,0.885,-0.397,0.061,48.0,-9.0,39.0,1745636154.0039182,0.0
12685.0,-0.101,0.292,0.967,0.854,-0.214,0.031,47.0,-10.0,38.0,1745636154.0039191,0.0
12702.0,-0.102,0.293,0.967,0.824,-0.641,0.092,48.0,-8.0,38.0,1745636154.1114836,0.0
12702.0,-0.1,0.294,0.97,0.885,-0.58,0.061,48.0,-9.0,37.0,1745636154.111484,0.0
12702.0,-0.1,0.293,0.973,0.885,-0.305,-0.031,47.0,-9.0,38.0,1745636154.1114843,0.0
12719.0,-0.098,0.295,0.973,0.854,-0.488,0.061,48.0,-8.0,38.0,1745636154.2093215,0.0
12719.0,-0.101,0.293,0.972,0.824,-0.549,0.092,47.0,-10.0,39.0,1745636154.2093217,0.0
12735.0,-0.101,0.291,0.964,0.854,-0.275,0.0,47.0,-10.0,38.0,1745636154.3130677,0.0
12735.0,-0.102,0.288,0.96,0.977,-0.549,0.092,47.0,-10.0,38.0,1745636154.313068,0.0
12735.0,-0.1,0.292,0.969,0.854,-0.58,0.092,47.0,-8.0,38.0,1745636154.3130682,0.0
12750.0,-0.101,0.294,0.97,0.793,-0.183,-0.031,48.0,-8.0,38.0,1745636154.4137757,0.0
12750.0,-0.1,0.296,0.97,0.854,-0.58,0.092,48.0,-8.0,39.0,1745636154.4137766,0.0
12769.0,-0.102,0.294,0.972,0.885,-0.641,0.122,47.0,-9.0,39.0,1745636154.5151515,0.0
12769.0,-0.101,0.291,0.97,0.854,-0.305,0.031,47.0,-9.0,37.0,1745636154.515152,0.0
12769.0,-0.101,0.292,0.96,0.854,-0.336,0.0,47.0,-9.0,38.0,1745636154.5151522,0.0
12786.0,-0.099,0.292,0.963,0.824,-0.61,0.092,47.0,-9.0,38.0,1745636154.6162884,0.0
12786.0,-0.101,0.29,0.966,0.946,-0.519,0.061,47.0,-9.0,38.0,1745636154.616289,0.0
12786.0,-0.101,0.29,0.967,0.885,-0.366,0.061,47.0,-9.0,38.0,1745636154.6162891,0.0
12802.0,-0.102,0.295,0.969,0.854,-0.488,0.031,47.0,-9.0,39.0,1745636154.721671,0.0
12802.0,-0.102,0.292,0.971,0.854,-0.458,0.031,47.0,-10.0,38.0,1745636154.7216716,0.0
12818.0,-0.1,0.29,0.967,0.824,-0.336,0.031,47.0,-9.0,38.0,1745636154.8225694,0.0
12818.0,-0.102,0.293,0.969,0.885,-0.549,0.092,48.0,-9.0,39.0,1745636154.8225698,0.0
12818.0,-0.099,0.295,0.968,0.824,-0.458,0.061,47.0,-9.0,39.0,1745636154.82257,0.0
12834.0,-0.101,0.292,0.961,0.824,-0.366,-0.031,47.0,-8.0,38.0,1745636154.9252672,0.0
12834.0,-0.101,0.292,0.966,0.885,-0.519,0.031,47.0,-9.0,39.0,1745636154.9252677,0.0
12852.0,-0.102,0.292,0.969,0.885,-0.549,0.061,47.0,-10.0,37.0,1745636155.0681152,0.0
12852.0,-0.102,0.293,0.966,0.854,-0.336,0.061,48.0,-9.0,38.0,1745636155.0681157,0.0
12852.0,-0.1,0.292,0.97,0.824,-0.336,0.031,48.0,-8.0,39.0,1745636155.068116,0.0
12852.0,-0.103,0.292,0.967,0.854,-0.519,0.092,47.0,-9.0,40.0,1745636155.0681164,0.0
12869.0,-0.1,0.293,0.969,0.885,-0.549,0.092,48.0,-9.0,38.0,1745636155.1651397,0.0
12869.0,-0.101,0.293,0.969,0.885,-0.458,0.061,48.0,-8.0,39.0,1745636155.16514,0.0
12886.0,-0.102,0.292,0.966,0.885,-0.336,0.0,48.0,-8.0,38.0,1745636155.264552,0.0
12886.0,-0.099,0.29,0.966,0.885,-0.488,0.061,47.0,-10.0,37.0,1745636155.2645524,0.0
12886.0,-0.101,0.293,0.969,0.854,-0.458,0.092,47.0,-9.0,38.0,1745636155.2645528,0.0
12902.0,-0.1,0.293,0.968,0.854,-0.427,0.061,48.0,-9.0,38.0,1745636155.3759794,0.0
12902.0,-0.101,0.292,0.965,0.854,-0.549,0.061,47.0,-9.0,38.0,1745636155.37598,0.0
12902.0,-0.1,0.29,0.972,0.885,-0.336,0.031,47.0,-10.0,39.0,1745636155.37598,0.0
12918.0,-0.099,0.295,0.971,0.916,-0.61,0.092,48.0,-9.0,38.0,1745636155.4680111,0.0
12918.0,-0.1,0.295,0.967,0.854,-0.488,0.092,48.0,-8.0,38.0,1745636155.4680123,0.0
12934.0,-0.102,0.293,0.969,0.793,-0.275,0.031,48.0,-9.0,38.0,1745636155.5688827,0.0
12934.0,-0.102,0.291,0.966,0.916,-0.549,0.092,47.0,-9.0,38.0,1745636155.5688832,0.0
12934.0,-0.1,0.291,0.968,0.885,-0.458,0.061,47.0,-8.0,39.0,1745636155.5688834,0.0
12951.0,-0.1,0.295,0.968,0.824,-0.366,0.0,48.0,-9.0,38.0,1745636155.6688645,0.0
12951.0,-0.101,0.292,0.969,0.854,-0.61,0.092,47.0,-9.0,38.0,1745636155.6688647,0.0
12968.0,-0.101,0.29,0.968,0.916,-0.305,0.0,47.0,-9.0,38.0,1745636155.7741065,0.0
12968.0,-0.099,0.294,0.971,0.885,-0.397,0.061,48.0,-8.0,37.0,1745636155.7741067,0.0
12968.0,-0.101,0.294,0.97,0.885,-0.641,0.122,47.0,-8.0,39.0,1745636155.7741072,0.0
12983.0,-0.1,0.293,0.968,0.885,-0.336,-0.031,46.0,-9.0,38.0,1745636155.8704133,0.0
12983.0,-0.101,0.291,0.969,0.854,-0.397,0.031,47.0,-9.0,38.0,1745636155.8704145,0.0
12999.0,-0.103,0.29,0.968,0.885,-0.549,0.092,47.0,-9.0,39.0,1745636155.976988,0.0
12999.0,-0.102,0.291,0.958,0.824,-0.366,0.031,47.0,-9.0,37.0,1745636155.9769883,0.0
12999.0,-0.1,0.293,0.965,0.885,-0.58,0.092,47.0,-9.0,38.0,1745636155.9769888,0.0
13016.0,-0.1,0.289,0.97,0.824,-0.397,0.061,47.0,-8.0,39.0,1745636156.077268,0.0
13016.0,-0.1,0.292,0.974,0.885,-0.336,0.0,47.0,-9.0,39.0,1745636156.0772681,0.0
13033.0,-0.101,0.295,0.973,0.854,-0.671,0.122,48.0,-8.0,37.0,1745636156.1810768,0.0
13033.0,-0.101,0.293,0.97,0.854,-0.458,0.031,47.0,-10.0,38.0,1745636156.1810772,0.0
13033.0,-0.101,0.288,0.963,0.885,-0.305,0.031,47.0,-9.0,38.0,1745636156.1810777,0.0
13048.0,-0.103,0.291,0.964,0.885,-0.58,0.092,48.0,-10.0,38.0,1745636156.2755053,0.0
13048.0,-0.102,0.293,0.968,0.824,-0.458,0.092,47.0,-9.0,39.0,1745636156.2755055,0.0
13064.0,-0.098,0.292,0.967,0.916,-0.458,0.031,48.0,-10.0,37.0,1745636156.3839674,0.0
13064.0,-0.103,0.291,0.971,0.916,-0.458,0.061,47.0,-9.0,39.0,1745636156.3839679,0.0
13064.0,-0.101,0.292,0.966,0.885,-0.366,0.0,47.0,-10.0,38.0,1745636156.383968,0.0
13082.0,-0.103,0.292,0.963,0.824,-0.458,0.031,47.0,-9.0,38.0,1745636156.483317,0.0
13082.0,-0.1,0.295,0.97,0.885,-0.488,0.092,47.0,-8.0,39.0,1745636156.4833171,0.0
13082.0,-0.101,0.294,0.975,0.885,-0.488,0.061,47.0,-8.0,38.0,1745636156.4833176,0.0
13098.0,-0.102,0.292,0.973,0.824,-0.397,0.031,47.0,-9.0,39.0,1745636156.58469,0.0
13098.0,-0.101,0.294,0.969,0.916,-0.458,0.061,47.0,-9.0,38.0,1745636156.5846903,0.0
13113.0,-0.103,0.293,0.964,0.854,-0.458,0.092,47.0,-8.0,38.0,1745636156.6833692,0.0
13113.0,-0.1,0.284,0.96,0.824,-0.488,0.061,48.0,-8.0,37.0,1745636156.6833696,0.0
13113.0,-0.102,0.289,0.965,0.916,-0.397,0.061,47.0,-10.0,39.0,1745636156.68337,0.0
13130.0,-0.101,0.295,0.972,0.854,-0.427,0.061,46.0,-10.0,39.0,1745636156.789094,0.0
13130.0,-0.1,0.295,0.974,0.854,-0.519,0.092,48.0,-9.0,38.0,1745636156.7890944,0.0
13147.0,-0.101,0.292,0.978,0.916,-0.427,0.061,47.0,-8.0,38.0,1745636156.8859303,0.0
13147.0,-0.103,0.294,0.972,0.854,-0.366,0.061,47.0,-9.0,38.0,1745636156.8859305,0.0
13147.0,-0.103,0.291,0.961,0.885,-0.549,0.092,47.0,-9.0,38.0,1745636156.8859308,0.0
13163.0,-0.101,0.289,0.967,0.885,-0.549,0.061,48.0,-10.0,38.0,1745636156.992422,0.0
13163.0,-0.102,0.292,0.971,0.885,-0.244,0.0,48.0,-9.0,39.0,1745636156.9924223,0.0
13163.0,-0.099,0.296,0.972,0.885,-0.671,0.122,47.0,-9.0,38.0,1745636156.9924228,0.0
13179.0,-0.103,0.298,0.976,0.824,-0.488,0.061,47.0,-9.0,38.0,1745636157.0943112,0.0
13179.0,-0.1,0.295,0.976,0.824,-0.153,-0.061,47.0,-9.0,39.0,1745636157.094312,0.0
13195.0,-0.099,0.291,0.968,0.854,-0.671,0.153,48.0,-8.0,38.0,1745636157.1930969,0.0
13195.0,-0.101,0.292,0.968,0.824,-0.458,0.031,47.0,-9.0,38.0,1745636157.193097,0.0
13195.0,-0.102,0.294,0.972,0.793,-0.427,0.031,48.0,-10.0,39.0,1745636157.1930976,0.0
13212.0,-0.101,0.293,0.971,0.854,-0.427,0.061,47.0,-9.0,37.0,1745636157.2901511,0.0
13212.0,-0.102,0.289,0.971,0.885,-0.488,0.092,47.0,-9.0,39.0,1745636157.2901516,0.0
13228.0,-0.101,0.292,0.967,0.854,-0.427,0.061,47.0,-8.0,38.0,1745636157.3964183,0.0
13228.0,-0.101,0.294,0.964,0.854,-0.397,0.061,48.0,-9.0,37.0,1745636157.3964188,0.0
13228.0,-0.099,0.293,0.969,0.885,-0.61,0.153,48.0,-8.0,39.0,1745636157.3964193,0.0
13246.0,-0.101,0.293,0.977,0.854,-0.275,0.0,47.0,-9.0,38.0,1745636157.5035977,0.0
13246.0,-0.101,0.292,0.972,0.885,-0.519,0.092,47.0,-10.0,38.0,1745636157.5035982,0.0
13260.0,-0.102,0.296,0.972,0.854,-0.458,0.122,48.0,-8.0,38.0,1745636157.5972416,0.0
13260.0,-0.101,0.292,0.971,0.793,-0.366,0.061,47.0,-9.0,38.0,1745636157.5972424,0.0
13260.0,-0.1,0.288,0.965,0.885,-0.519,0.061,47.0,-9.0,39.0,1745636157.597243,0.0
13277.0,-0.099,0.292,0.963,0.854,-0.458,0.031,48.0,-10.0,39.0,1745636157.6978912,0.0
13277.0,-0.1,0.295,0.971,0.824,-0.427,0.092,47.0,-8.0,39.0,1745636157.6978917,0.0
13277.0,-0.099,0.29,0.968,0.824,-0.488,0.031,48.0,-9.0,38.0,1745636157.697892,0.0
13294.0,-0.102,0.293,0.97,0.854,-0.519,0.061,47.0,-9.0,39.0,1745636157.8018525,0.0
13294.0,-0.1,0.296,0.971,0.885,-0.397,0.061,47.0,-10.0,38.0,1745636157.8018527,0.0
13311.0,-0.101,0.292,0.968,0.916,-0.366,0.031,47.0,-8.0,38.0,1745636157.9069943,0.0
13311.0,-0.1,0.294,0.974,0.854,-0.58,0.061,47.0,-9.0,38.0,1745636157.9069948,0.0
13311.0,-0.102,0.294,0.972,0.854,-0.458,0.031,48.0,-9.0,38.0,1745636157.9069953,0.0
13325.0,-0.102,0.291,0.966,0.854,-0.397,0.061,47.0,-8.0,38.0,1745636157.9993393,0.0
13325.0,-0.102,0.293,0.966,0.824,-0.366,0.031,47.0,-10.0,38.0,1745636157.9993398,0.0
13343.0,-0.101,0.293,0.965,0.885,-0.519,0.122,47.0,-9.0,38.0,1745636158.1089058,0.0
13343.0,-0.101,0.291,0.971,0.885,-0.458,0.092,47.0,-8.0,38.0,1745636158.1089063,0.0
13343.0,-0.102,0.294,0.976,0.885,-0.305,0.0,48.0,-9.0,38.0,1745636158.1089065,0.0
13359.0,-0.1,0.294,0.976,0.885,-0.61,0.092,47.0,-10.0,38.0,1745636158.2078145,0.0
13359.0,-0.103,0.293,0.974,0.885,-0.305,0.031,47.0,-8.0,38.0,1745636158.2078152,0.0
13376.0,-0.1,0.29,0.967,0.916,-0.458,0.061,47.0,-8.0,39.0,1745636158.3084831,0.0
13376.0,-0.1,0.293,0.97,0.885,-0.61,0.092,48.0,-9.0,38.0,1745636158.3084836,0.0
13376.0,-0.102,0.294,0.969,0.824,-0.305,0.061,48.0,-9.0,38.0,1745636158.308484,0.0
13390.0,-0.099,0.292,0.973,0.854,-0.458,0.061,47.0,-9.0,38.0,1745636158.4081912,0.0
13390.0,-0.104,0.294,0.979,0.854,-0.458,0.061,48.0,-10.0,38.0,1745636158.4081917,0.0
13408.0,-0.101,0.296,0.973,0.885,-0.58,0.092,48.0,-9.0,38.0,1745636158.5104399,0.0
13408.0,-0.1,0.295,0.969,0.885,-0.397,0.031,48.0,-10.0,38.0,1745636158.51044,0.0
13408.0,-0.102,0.294,0.971,0.824,-0.397,0.031,47.0,-9.0,38.0,1745636158.5104403,0.0
13424.0,-0.101,0.292,0.967,0.854,-0.488,0.031,48.0,-9.0,39.0,1745636158.6114852,0.0
13424.0,-0.101,0.292,0.972,0.885,-0.519,0.061,47.0,-9.0,38.0,1745636158.611486,0.0
13441.0,-0.101,0.298,0.978,0.824,-0.305,0.061,48.0,-8.0,38.0,1745636158.7119427,0.0
13441.0,-0.101,0.294,0.975,0.854,-0.519,0.092,47.0,-9.0,38.0,1745636158.711943,0.0
13441.0,-0.101,0.291,0.976,0.916,-0.458,0.092,47.0,-8.0,37.0,1745636158.7119431,0.0
13456.0,-0.102,0.294,0.973,0.885,-0.366,0.031,47.0,-10.0,37.0,1745636158.8217795,0.0
13456.0,-0.103,0.293,0.968,0.885,-0.519,0.092,48.0,-8.0,39.0,1745636158.82178,0.0
13456.0,-0.099,0.29,0.971,0.854,-0.488,0.031,48.0,-8.0,38.0,1745636158.8217804,0.0
13473.0,-0.101,0.295,0.976,0.916,-0.427,0.031,47.0,-9.0,39.0,1745636158.9158452,0.0
13473.0,-0.101,0.295,0.978,0.916,-0.427,0.031,47.0,-9.0,39.0,1745636158.9158454,0.0
13489.0,-0.101,0.295,0.972,0.854,-0.458,0.031,47.0,-8.0,39.0,1745636159.022232,0.0
13489.0,-0.101,0.292,0.971,0.885,-0.702,0.183,47.0,-9.0,38.0,1745636159.0222323,0.0
13489.0,-0.102,0.289,0.97,0.824,0.031,-0.061,47.0,-9.0,38.0,1745636159.0222328,0.0
13507.0,-0.099,0.291,0.967,0.824,-0.397,0.031,47.0,-8.0,39.0,1745636159.1234467,0.0
13507.0,-0.1,0.299,0.975,0.916,-1.16,0.305,47.0,-9.0,38.0,1745636159.1234472,0.0
13507.0,-0.101,0.292,0.972,0.824,0.214,-0.122,47.0,-9.0,38.0,1745636159.1234477,0.0
13522.0,-0.103,0.292,0.971,0.916,-0.458,0.031,47.0,-9.0,38.0,1745636159.21815,0.0
13522.0,-0.102,0.295,0.971,0.824,-1.007,0.275,47.0,-9.0,38.0,1745636159.2181504,0.0
13538.0,-0.102,0.293,0.968,0.824,0.0,-0.092,46.0,-10.0,38.0,1745636159.3238165,0.0
13538.0,-0.101,0.292,0.966,0.854,-0.519,0.092,47.0,-10.0,38.0,1745636159.323817,0.0
13538.0,-0.099,0.292,0.97,0.854,-0.671,0.153,46.0,-9.0,39.0,1745636159.3238175,0.0
13554.0,-0.103,0.294,0.973,0.824,-0.275,0.0,47.0,-9.0,38.0,1745636159.427183,0.0
13554.0,-0.103,0.294,0.974,0.854,-0.244,0.0,47.0,-8.0,38.0,1745636159.427184,0.0
13574.0,-0.099,0.291,0.97,0.885,-0.854,0.183,48.0,-10.0,37.0,1745636159.5280194,0.0
13574.0,-0.104,0.291,0.966,0.885,-0.366,0.0,47.0,-8.0,38.0,1745636159.5280197,0.0
13574.0,-0.103,0.292,0.964,0.824,-0.061,-0.031,47.0,-8.0,38.0,1745636159.52802,0.0
13590.0,-0.101,0.293,0.971,0.854,-0.702,0.153,47.0,-9.0,39.0,1745636159.6376133,0.0
13590.0,-0.1,0.291,0.974,0.854,-0.61,0.122,47.0,-8.0,38.0,1745636159.637614,0.0
13605.0,-0.1,0.294,0.974,0.824,-0.153,-0.031,48.0,-8.0,38.0,1745636159.7267373,0.0
13605.0,-0.102,0.295,0.974,0.824,-0.488,0.061,47.0,-10.0,38.0,1745636159.7267375,0.0
13605.0,-0.101,0.292,0.97,0.854,-0.641,0.122,48.0,-10.0,39.0,1745636159.7267377,0.0
13622.0,-0.101,0.291,0.964,0.916,-0.214,-0.031,48.0,-8.0,38.0,1745636159.8278687,0.0
13622.0,-0.101,0.294,0.968,0.854,-0.519,0.122,47.0,-9.0,38.0,1745636159.827869,0.0
13639.0,-0.101,0.293,0.97,0.854,-0.58,0.122,47.0,-8.0,37.0,1745636159.9300077,0.0
13639.0,-0.101,0.292,0.974,0.824,-0.153,-0.031,47.0,-8.0,38.0,1745636159.930008,0.0
13639.0,-0.101,0.296,0.973,0.885,-0.488,0.122,48.0,-8.0,38.0,1745636159.9300084,0.0
13655.0,-0.101,0.292,0.97,0.824,-0.671,0.153,47.0,-8.0,39.0,1745636160.0400288,0.0
13655.0,-0.102,0.291,0.964,0.854,-0.275,0.031,47.0,-9.0,38.0,1745636160.0400293,0.0
13674.0,-0.103,0.292,0.969,0.854,-0.366,0.0,47.0,-10.0,38.0,1745636160.176496,0.0
13674.0,-0.102,0.293,0.973,0.854,-0.397,0.061,47.0,-8.0,39.0,1745636160.1764965,0.0
13674.0,-0.1,0.291,0.97,0.885,-0.58,0.092,48.0,-9.0,38.0,1745636160.1764967,0.0
13674.0,-0.099,0.295,0.973,0.885,-0.458,0.061,47.0,-9.0,39.0,1745636160.1764972,0.0
13688.0,-0.101,0.293,0.972,0.793,-0.275,0.0,48.0,-9.0,39.0,1745636160.2644384,0.0
13688.0,-0.101,0.29,0.971,0.885,-0.549,0.092,47.0,-8.0,38.0,1745636160.2644389,0.0
13705.0,-0.102,0.293,0.972,0.916,-0.519,0.092,47.0,-9.0,38.0,1745636160.369799,0.0
13705.0,-0.101,0.293,0.97,0.854,-0.305,-0.031,47.0,-9.0,38.0,1745636160.3697991,0.0
13705.0,-0.101,0.291,0.969,0.916,-0.488,0.092,48.0,-10.0,39.0,1745636160.3697996,0.0
13722.0,-0.101,0.291,0.969,0.916,-0.397,0.061,47.0,-10.0,39.0,1745636160.4733546,0.0
13722.0,-0.101,0.292,0.967,0.885,-0.427,0.061,47.0,-9.0,38.0,1745636160.473355,0.0
13722.0,-0.1,0.293,0.971,0.885,-0.519,0.092,48.0,-9.0,37.0,1745636160.4733553,0.0
13739.0,-0.103,0.297,0.974,0.885,-0.458,0.031,47.0,-9.0,38.0,1745636160.5702422,0.0
13739.0,-0.101,0.294,0.977,0.885,-0.305,0.0,47.0,-9.0,38.0,1745636160.5702426,0.0
13753.0,-0.099,0.291,0.967,0.946,-0.519,0.092,47.0,-9.0,38.0,1745636160.6730556,0.0
13753.0,-0.1,0.292,0.963,0.885,-0.458,0.061,48.0,-10.0,37.0,1745636160.6730566,0.0
13753.0,-0.101,0.292,0.962,0.854,-0.427,0.0,48.0,-9.0,38.0,1745636160.673057,0.0
13771.0,-0.101,0.291,0.965,0.854,-0.519,0.061,47.0,-10.0,38.0,1745636160.7747269,0.0
13771.0,-0.102,0.292,0.974,0.885,-0.366,0.061,46.0,-10.0,38.0,1745636160.774727,0.0
13787.0,-0.1,0.296,0.977,0.854,-0.336,0.031,47.0,-9.0,38.0,1745636160.877532,0.0
13787.0,-0.1,0.291,0.97,0.824,-0.549,0.061,47.0,-9.0,38.0,1745636160.8775325,0.0
13787.0,-0.102,0.292,0.965,0.854,-0.458,0.092,48.0,-9.0,38.0,1745636160.8775327,0.0
13804.0,-0.102,0.288,0.956,0.916,-0.214,0.031,47.0,-8.0,38.0,1745636160.975784,0.0
13804.0,-0.099,0.291,0.957,0.854,-0.61,0.092,48.0,-8.0,38.0,1745636160.9757843,0.0
13818.0,-0.104,0.295,0.97,0.854,-0.58,0.092,47.0,-9.0,38.0,1745636161.0800984,0.0
13818.0,-0.101,0.295,0.977,0.824,-0.183,-0.031,48.0,-9.0,38.0,1745636161.080099,0.0
13818.0,-0.101,0.292,0.968,0.916,-0.702,0.122,47.0,-10.0,38.0,1745636161.0800996,0.0
13836.0,-0.103,0.291,0.964,0.916,-0.336,0.031,48.0,-9.0,38.0,1745636161.1787677,0.0
13836.0,-0.102,0.287,0.959,0.824,-0.092,-0.031,48.0,-8.0,39.0,1745636161.1787682,0.0
13852.0,-0.101,0.289,0.958,0.885,-1.19,0.305,48.0,-8.0,38.0,1745636161.2807915,0.0
13852.0,-0.103,0.291,0.966,0.916,-0.244,0.031,47.0,-9.0,38.0,1745636161.280792,0.0
13852.0,-0.102,0.293,0.975,0.824,0.244,-0.153,48.0,-10.0,39.0,1745636161.2807925,0.0
13869.0,-0.1,0.293,0.969,0.885,-1.251,0.275,47.0,-10.0,37.0,1745636161.3828535,0.0
13869.0,-0.1,0.292,0.969,0.916,-0.519,0.061,47.0,-9.0,39.0,1745636161.382854,0.0
13869.0,-0.103,0.291,0.967,0.824,0.336,-0.244,47.0,-9.0,38.0,1745636161.3828545,0.0
13884.0,-0.098,0.291,0.965,0.854,-0.946,0.183,47.0,-9.0,38.0,1745636161.4792075,0.0
13884.0,-0.1,0.294,0.968,0.916,-0.854,0.214,47.0,-9.0,39.0,1745636161.479208,0.0
13901.0,-0.104,0.292,0.973,0.824,0.366,-0.183,47.0,-8.0,39.0,1745636161.586663,0.0
13901.0,-0.1,0.292,0.967,0.885,-0.732,0.122,48.0,-10.0,38.0,1745636161.5866635,0.0
13901.0,-0.099,0.292,0.97,0.854,-0.977,0.244,47.0,-9.0,38.0,1745636161.5866635,0.0
13917.0,-0.104,0.292,0.967,0.824,0.397,-0.153,48.0,-8.0,38.0,1745636161.6854167,0.0
13917.0,-0.1,0.293,0.965,0.916,-0.702,0.122,47.0,-9.0,38.0,1745636161.6854177,0.0
13935.0,-0.101,0.291,0.971,0.916,-0.946,0.183,47.0,-9.0,38.0,1745636161.7894661,0.0
13935.0,-0.102,0.294,0.971,0.824,0.061,-0.092,48.0,-10.0,37.0,1745636161.7894664,0.0
13935.0,-0.102,0.293,0.972,0.854,-0.427,0.061,48.0,-8.0,37.0,1745636161.7894669,0.0
13950.0,-0.1,0.291,0.965,0.824,-0.671,0.092,46.0,-9.0,38.0,1745636161.8917737,0.0
13950.0,-0.1,0.293,0.968,0.854,-0.58,0.092,47.0,-9.0,38.0,1745636161.891774,0.0
13966.0,-0.101,0.292,0.968,0.854,-0.122,-0.031,47.0,-8.0,38.0,1745636161.99114,0.0
13966.0,-0.099,0.292,0.971,0.854,-0.58,0.122,48.0,-10.0,38.0,1745636161.9911404,0.0
13966.0,-0.1,0.294,0.974,0.854,-0.61,0.153,48.0,-9.0,37.0,1745636161.9911408,0.0
